{
  "formatVersion": 1,
  "database": {
    "version": 1,
    "identityHash": "392278bdb797d013cb2ada67a3b1cc60",
    "entities": [
      {
        "tableName": "audit_logs",
        "createSql": "CREATE TABLE IF NOT EXISTS `${TABLE_NAME}` (`id` INTEGER PRIMARY KEY AUTOINCREMENT NOT NULL, `event_type` TEXT NOT NULL, `reference` TEXT, `timestamp` INTEGER NOT NULL)",
        "fields": [
          {
            "fieldPath": "id",
            "columnName": "id",
            "affinity": "INTEGER",
            "notNull": true
          },
          {
            "fieldPath": "_eventType",
            "columnName": "event_type",
            "affinity": "TEXT",
            "notNull": true
          },
          {
            "fieldPath": "_reference",
            "columnName": "reference",
            "affinity": "TEXT",
            "notNull": false
          },
          {
            "fieldPath": "_timestamp",
            "columnName": "timestamp",
            "affinity": "INTEGER",
            "notNull": true
          }
        ],
        "primaryKey": {
          "autoGenerate": true,
          "columnNames": [
            "id"
          ]
        },
        "indices": [],
        "foreignKeys": []
      }
    ],
    "views": [],
    "setupQueries": [
      "CREATE TABLE IF NOT EXISTS room_master_table (id INTEGER PRIMARY KEY,identity_hash TEXT)",
      "INSERT OR REPLACE INTO room_master_table (id,identity_hash) VALUES(42, '392278bdb797d013cb2ada67a3b1cc60')"
    ]
  }
}